year,n_matches,accuracy,brier,log_loss,goal_mae
1998,64,0.453125,0.2743830077396295,1.1193007315496661,1.94508098733347
2002,64,0.375,0.3182186345805311,1.2636135261373322,2.22940435960889
2006,64,0.46875,0.2545568790035439,1.285016680517229,2.0280966913309104
2010,64,0.390625,0.2953510941625904,1.4798898429579994,2.01956744939417
2014,64,0.421875,0.2924373682700192,1.2035074837958122,2.1569504409344353
2018,64,0.4375,0.2803512099770813,1.2061616045553678,2.0627201316237294
2022,64,0.453125,0.25386584175160226,1.092649861608687,2.108212594622456
